Date;From;To;Duration;Rate;User;Email;Customer;Project;Activity;Description;Exported;Tags;HourlyRate;FixedRate;InternalRate;meta.timesheet_foo;
2022-07-27;07:10;09:11;7260;231.92;Example User;user@example.com;Acme company;Import project name;Imported activity;some work has been done;0;hello,world;15.0;0;5.0;"Genius importer";
2022-07-27;10:23;19:00;7260;231.92;Susan Maier;user2@example.com;Acme company;Import project 2;Some activity;some work has been done;1;;77.35;0;0;;
2022-07-28;07:10;09:11;7260;231.92;John Smith;johnsmith@example.com;Acme company 2;Import project name;Marketing;some work has been done;0;foo,bar,import;35;0;10.0;"Foo Bar";
2022-08-17;07:10;09:11;7260;231.92;John Smith;johnsmith@example.com;Acme company;Import project 2;Design;some work has been done;1;;11.0;0;60.0;;
2022-09-04;07:10;09:11;7260;231.92;Bob;bob@example.com;Acme company;Import project name;Documentation;;0;acme;51.0;0;5.0;"Hello world";
2022-12-12;11:10;15:45;7260;231.92;Example User;user@example.com;Acme company;Import project name;Imported activity;some work has been done;0;foo,bar,import;115.0;0;15.0;"Some content";
